,State name,No of Registered User,AppOpens,Year
0,puducherry,49318,0,2018
1,tamil nadu,2104754,0,2018
2,uttar pradesh,4694250,0,2018
3,madhya pradesh,2553603,0,2018
4,andhra pradesh,3336450,0,2018
5,tripura,55157,0,2018
6,lakshadweep,501,0,2018
7,manipur,29925,0,2018
8,maharashtra,6106994,0,2018
9,dadra & nagar haveli & daman & diu,53258,0,2018
10,meghalaya,18513,0,2018
11,andaman & nicobar islands,6740,0,2018
12,haryana,1847357,0,2018
13,rajasthan,3158202,0,2018
14,ladakh,8784,0,2018
15,punjab,847142,0,2018
16,assam,385237,0,2018
17,jharkhand,885762,0,2018
18,odisha,1594015,0,2018
19,bihar,2133804,0,2018
20,kerala,784184,0,2018
21,karnataka,3717763,0,2018
22,chandigarh,86268,0,2018
23,telangana,3315560,0,2018
24,himachal pradesh,227373,0,2018
25,west bengal,2604789,0,2018
26,gujarat,2690048,0,2018
27,sikkim,20051,0,2018
28,nagaland,15074,0,2018
29,mizoram,7593,0,2018
30,chhattisgarh,679263,0,2018
31,jammu & kashmir,176425,0,2018
32,goa,91936,0,2018
33,arunachal pradesh,21495,0,2018
34,delhi,2087022,0,2018
35,uttarakhand,483043,0,2018
36,puducherry,65580,0,2018
37,tamil nadu,2996036,0,2018
38,uttar pradesh,6442554,0,2018
39,madhya pradesh,3441662,0,2018
40,andhra pradesh,4402540,0,2018
41,tripura,83369,0,2018
42,lakshadweep,686,0,2018
43,manipur,46055,0,2018
44,maharashtra,8222371,0,2018
45,dadra & nagar haveli & daman & diu,71458,0,2018
46,meghalaya,26618,0,2018
47,andaman & nicobar islands,9405,0,2018
48,haryana,2447221,0,2018
49,rajasthan,4212964,0,2018
50,ladakh,12918,0,2018
51,punjab,1152190,0,2018
52,assam,571046,0,2018
53,jharkhand,1230599,0,2018
54,odisha,2185781,0,2018
55,bihar,3005872,0,2018
56,kerala,1066587,0,2018
57,karnataka,5030665,0,2018
58,chandigarh,115219,0,2018
59,telangana,4260115,0,2018
60,himachal pradesh,315299,0,2018
61,west bengal,3833795,0,2018
62,gujarat,3565825,0,2018
63,sikkim,28097,0,2018
64,nagaland,22436,0,2018
65,mizoram,10422,0,2018
66,chhattisgarh,950675,0,2018
67,jammu & kashmir,261609,0,2018
68,goa,122174,0,2018
69,arunachal pradesh,32883,0,2018
70,delhi,2756141,0,2018
71,uttarakhand,649142,0,2018
72,puducherry,81546,0,2018
73,tamil nadu,3900177,0,2018
74,uttar pradesh,8096483,0,2018
75,madhya pradesh,4309309,0,2018
76,andhra pradesh,5427617,0,2018
77,tripura,116874,0,2018
78,lakshadweep,918,0,2018
79,manipur,61935,0,2018
80,maharashtra,10435033,0,2018
81,dadra & nagar haveli & daman & diu,92107,0,2018
82,meghalaya,37281,0,2018
83,andaman & nicobar islands,12149,0,2018
84,haryana,3020398,0,2018
85,rajasthan,5175453,0,2018
86,ladakh,17749,0,2018
87,punjab,1473148,0,2018
88,assam,784802,0,2018
89,jharkhand,1532362,0,2018
90,odisha,2795718,0,2018
91,bihar,3784535,0,2018
92,kerala,1347598,0,2018
93,karnataka,6372649,0,2018
94,chandigarh,143893,0,2018
95,telangana,5138501,0,2018
96,himachal pradesh,407634,0,2018
97,west bengal,4851740,0,2018
98,gujarat,4433183,0,2018
99,sikkim,37637,0,2018
100,nagaland,32090,0,2018
101,mizoram,14502,0,2018
102,chhattisgarh,1217792,0,2018
103,jammu & kashmir,342529,0,2018
104,goa,153802,0,2018
105,arunachal pradesh,45922,0,2018
106,delhi,3504911,0,2018
107,uttarakhand,810612,0,2018
108,puducherry,109494,0,2018
109,tamil nadu,5199878,0,2018
110,uttar pradesh,10341964,0,2018
111,madhya pradesh,5365442,0,2018
112,andhra pradesh,6857409,0,2018
113,tripura,153265,0,2018
114,lakshadweep,1156,0,2018
115,manipur,82589,0,2018
116,maharashtra,13381602,0,2018
117,dadra & nagar haveli & daman & diu,116511,0,2018
118,meghalaya,49634,0,2018
119,andaman & nicobar islands,15222,0,2018
120,haryana,3793079,0,2018
121,rajasthan,6358738,0,2018
122,ladakh,23883,0,2018
123,punjab,1865715,0,2018
124,assam,1039221,0,2018
125,jharkhand,1913949,0,2018
126,odisha,3623911,0,2018
127,bihar,4776665,0,2018
128,kerala,1757326,0,2018
129,karnataka,8315802,0,2018
130,chandigarh,177747,0,2018
131,telangana,6529679,0,2018
132,himachal pradesh,526343,0,2018
133,west bengal,6279278,0,2018
134,gujarat,5579040,0,2018
135,sikkim,48538,0,2018
136,nagaland,42997,0,2018
137,mizoram,19365,0,2018
138,chhattisgarh,1579998,0,2018
139,jammu & kashmir,436563,0,2018
140,goa,195350,0,2018
141,arunachal pradesh,61852,0,2018
142,delhi,4630313,0,2018
143,uttarakhand,1012103,0,2018
144,puducherry,133059,0,2019
145,tamil nadu,6296303,0,2019
146,uttar pradesh,12458661,0,2019
147,madhya pradesh,6414403,0,2019
148,andhra pradesh,8283019,0,2019
149,tripura,183254,0,2019
150,lakshadweep,1416,0,2019
151,manipur,99527,0,2019
152,maharashtra,16284451,0,2019
153,dadra & nagar haveli & daman & diu,140532,0,2019
154,meghalaya,61487,0,2019
155,andaman & nicobar islands,18596,0,2019
156,haryana,4538767,0,2019
157,rajasthan,7712204,0,2019
158,ladakh,29649,0,2019
159,punjab,2226590,0,2019
160,assam,1259085,0,2019
161,jharkhand,2279329,0,2019
162,odisha,4320744,0,2019
163,bihar,5745117,0,2019
164,kerala,2136624,0,2019
165,karnataka,10266174,0,2019
166,chandigarh,209175,0,2019
167,telangana,7963425,0,2019
168,himachal pradesh,653205,0,2019
169,west bengal,7449425,0,2019
170,gujarat,6652536,0,2019
171,sikkim,58956,0,2019
172,nagaland,53911,0,2019
173,mizoram,23670,0,2019
174,chhattisgarh,1908898,0,2019
175,jammu & kashmir,530669,0,2019
176,goa,238152,0,2019
177,arunachal pradesh,76957,0,2019
178,delhi,5499263,0,2019
179,uttarakhand,1224955,0,2019
180,puducherry,156458,661932,2019
181,tamil nadu,7429609,33658961,2019
182,uttar pradesh,14316349,78394040,2019
183,madhya pradesh,7301172,50642151,2019
184,andhra pradesh,9389003,81375251,2019
185,tripura,217644,953627,2019
186,lakshadweep,1747,4580,2019
187,manipur,117747,464829,2019
188,maharashtra,18776975,109967705,2019
189,dadra & nagar haveli & daman & diu,158580,860686,2019
190,meghalaya,74746,395764,2019
191,andaman & nicobar islands,21731,52640,2019
192,haryana,5178030,31929195,2019
193,rajasthan,8783935,62787336,2019
194,ladakh,35516,157317,2019
195,punjab,2600112,10928094,2019
196,assam,1500128,7350326,2019
197,jharkhand,2604854,14929066,2019
198,odisha,4845359,33955545,2019
199,bihar,6589759,39607022,2019
200,kerala,2550167,8673220,2019
201,karnataka,11968087,113024811,2019
202,chandigarh,240439,1220176,2019
203,telangana,9046007,80842302,2019
204,himachal pradesh,772603,3321711,2019
205,west bengal,8612795,49514201,2019
206,gujarat,7574645,34890301,2019
207,sikkim,70999,398520,2019
208,nagaland,66891,362497,2019
209,mizoram,28696,133025,2019
210,chhattisgarh,2191066,13206373,2019
211,jammu & kashmir,631193,2705373,2019
212,goa,278940,1352232,2019
213,arunachal pradesh,95885,502873,2019
214,delhi,6165448,43731570,2019
215,uttarakhand,1414339,7454279,2019
216,puducherry,177868,2476922,2019
217,tamil nadu,8428835,124690342,2019
218,uttar pradesh,16044607,268142606,2019
219,madhya pradesh,8180664,192353380,2019
220,andhra pradesh,10458693,310953542,2019
221,tripura,245456,3350991,2019
222,lakshadweep,2117,15038,2019
223,manipur,136316,1594205,2019
224,maharashtra,21313081,439998413,2019
225,dadra & nagar haveli & daman & diu,176929,3126189,2019
226,meghalaya,87395,1387814,2019
227,andaman & nicobar islands,23931,171107,2019
228,haryana,5783752,118332587,2019
229,rajasthan,9797304,238338999,2019
230,ladakh,39173,503126,2019
231,punjab,2962713,40860886,2019
232,assam,1731523,25393673,2019
233,jharkhand,2915511,55504460,2019
234,odisha,5387209,130181456,2019
235,bihar,7380265,126521298,2019
236,kerala,2990963,31471694,2019
237,karnataka,13635075,445683660,2019
238,chandigarh,267337,4625196,2019
239,telangana,10090557,318124511,2019
240,himachal pradesh,876184,10720741,2019
241,west bengal,9643222,176559011,2019
242,gujarat,8429299,129441484,2019
243,sikkim,82128,1316804,2019
244,nagaland,80077,1244022,2019
245,mizoram,34134,457834,2019
246,chhattisgarh,2435058,46362341,2019
247,jammu & kashmir,658455,3843919,2019
248,goa,317194,4753892,2019
249,arunachal pradesh,112149,1811700,2019
250,delhi,6782286,163381027,2019
251,uttarakhand,1585859,24660988,2019
252,puducherry,204292,3263122,2019
253,tamil nadu,9620493,155011717,2019
254,uttar pradesh,17949542,324068625,2019
255,madhya pradesh,9165241,237844976,2019
256,andhra pradesh,11757883,411201518,2019
257,tripura,272298,3610807,2019
258,lakshadweep,2427,17760,2019
259,manipur,155358,1855488,2019
260,maharashtra,23745297,543654112,2019
261,dadra & nagar haveli & daman & diu,197598,3770543,2019
262,meghalaya,100030,1490542,2019
263,andaman & nicobar islands,25960,177012,2019
264,haryana,6366679,136721888,2019
265,rajasthan,10925031,288904693,2019
266,ladakh,43108,470440,2019
267,punjab,3321742,47673880,2019
268,assam,1941220,26599449,2019
269,jharkhand,3281371,70181789,2019
270,odisha,6115537,189905719,2019
271,bihar,8342274,163998097,2019
272,kerala,3503938,40046033,2019
273,karnataka,15385416,569674870,2019
274,chandigarh,289590,4960441,2019
275,telangana,11220691,399239044,2019
276,himachal pradesh,985945,12637904,2019
277,west bengal,10885058,244326613,2019
278,gujarat,9323799,147973757,2019
279,sikkim,92972,1552004,2019
280,nagaland,93124,1454551,2019
281,mizoram,39809,529168,2019
282,chhattisgarh,2725900,57278977,2019
283,jammu & kashmir,673367,998572,2019
284,goa,353546,6290543,2019
285,arunachal pradesh,129321,2140340,2019
286,delhi,7289883,172682671,2019
287,uttarakhand,1752677,28853867,2019
288,puducherry,230908,3820943,2020
289,tamil nadu,10872368,179908753,2020
290,uttar pradesh,20136256,374282083,2020
291,madhya pradesh,10151371,262452480,2020
292,andhra pradesh,13022060,486513773,2020
293,tripura,299962,4063223,2020
294,lakshadweep,2772,21982,2020
295,manipur,177374,2175642,2020
296,maharashtra,26168390,615146568,2020
297,dadra & nagar haveli & daman & diu,218496,4195122,2020
298,meghalaya,113814,1716211,2020
299,andaman & nicobar islands,28368,193586,2020
300,haryana,7018770,157793468,2020
301,rajasthan,12142053,341815756,2020
302,ladakh,47790,590484,2020
303,punjab,3739502,53853710,2020
304,assam,2185938,33097892,2020
305,jharkhand,3651393,74014713,2020
306,odisha,6652970,175918622,2020
307,bihar,9351234,183868505,2020
308,kerala,4078316,46396398,2020
309,karnataka,17016980,626488036,2020
310,chandigarh,312887,5201211,2020
311,telangana,12306860,454723816,2020
312,himachal pradesh,1106025,14640104,2020
313,west bengal,11960822,207068218,2020
314,gujarat,10259843,165605122,2020
315,sikkim,104631,1697163,2020
316,nagaland,107143,1684520,2020
317,mizoram,46499,644683,2020
318,chhattisgarh,3016487,64224101,2020
319,jammu & kashmir,735408,4476894,2020
320,goa,391900,7147233,2020
321,arunachal pradesh,149066,2598321,2020
322,delhi,7826197,178263986,2020
323,uttarakhand,1943606,32631265,2020
324,puducherry,255600,3057608,2020
325,tamil nadu,12150786,144907447,2020
326,uttar pradesh,22498519,383703534,2020
327,madhya pradesh,11374423,253770044,2020
328,andhra pradesh,14319675,494341698,2020
329,tripura,336666,4443221,2020
330,lakshadweep,3187,29202,2020
331,manipur,215496,3011491,2020
332,maharashtra,28765086,506354812,2020
333,dadra & nagar haveli & daman & diu,244814,4505127,2020
334,meghalaya,136211,2205253,2020
335,andaman & nicobar islands,32710,305072,2020
336,haryana,7682878,143650123,2020
337,rajasthan,13563201,329941181,2020
338,ladakh,53034,695673,2020
339,punjab,4225481,51289576,2020
340,assam,2550883,39304924,2020
341,jharkhand,4061035,76339276,2020
342,odisha,7258315,154682772,2020
343,bihar,10603767,218435035,2020
344,kerala,4728844,45832953,2020
345,karnataka,18655366,490510075,2020
346,chandigarh,336351,3451250,2020
347,telangana,13378191,367130505,2020
348,himachal pradesh,1249867,16125580,2020
349,west bengal,13222022,198589332,2020
350,gujarat,11392657,155264359,2020
351,sikkim,119921,1912335,2020
352,nagaland,130205,2119279,2020
353,mizoram,55574,739308,2020
354,chhattisgarh,3401658,68493384,2020
355,jammu & kashmir,845294,9856653,2020
356,goa,430639,5310126,2020
357,arunachal pradesh,177534,3387006,2020
358,delhi,8391139,142852253,2020
359,uttarakhand,2148567,31074793,2020
360,puducherry,285173,4222159,2020
361,tamil nadu,13643451,194683284,2020
362,uttar pradesh,24838116,450784508,2020
363,madhya pradesh,12564224,324850994,2020
364,andhra pradesh,15692405,696300382,2020
365,tripura,376731,5777908,2020
366,lakshadweep,3644,32128,2020
367,manipur,258563,3552375,2020
368,maharashtra,31409513,668197101,2020
369,dadra & nagar haveli & daman & diu,267946,4421499,2020
370,meghalaya,157741,2384534,2020
371,andaman & nicobar islands,41335,515565,2020
372,haryana,8398816,188614769,2020
373,rajasthan,14969412,436682870,2020
374,ladakh,58401,1015680,2020
375,punjab,4694233,58946732,2020
376,assam,2830011,41875278,2020
377,jharkhand,4480027,99318784,2020
378,odisha,7901755,205597666,2020
379,bihar,11763213,266652644,2020
380,kerala,5582300,64309022,2020
381,karnataka,20487550,693683212,2020
382,chandigarh,362588,4888739,2020
383,telangana,14590882,527781925,2020
384,himachal pradesh,1378634,18411750,2020
385,west bengal,14448366,246554831,2020
386,gujarat,12467847,184402472,2020
387,sikkim,134773,2156470,2020
388,nagaland,173106,2868642,2020
389,mizoram,68315,924865,2020
390,chhattisgarh,3799386,86918606,2020
391,jammu & kashmir,949819,11443454,2020
392,goa,474962,6129766,2020
393,arunachal pradesh,206046,4003421,2020
394,delhi,9044174,190025029,2020
395,uttarakhand,2365438,40377348,2020
396,puducherry,319626,6377136,2020
397,tamil nadu,15357586,288233552,2020
398,uttar pradesh,27249134,552220798,2020
399,madhya pradesh,13737947,405571446,2020
400,andhra pradesh,17076565,869078538,2020
401,tripura,409110,6017249,2020
402,lakshadweep,4179,41144,2020
403,manipur,288772,3783432,2020
404,maharashtra,34432631,952006770,2020
405,dadra & nagar haveli & daman & diu,296493,6196436,2020
406,meghalaya,176447,2745917,2020
407,andaman & nicobar islands,52396,887208,2020
408,haryana,9129873,236101307,2020
409,rajasthan,16329494,511015109,2020
410,ladakh,64853,1232757,2020
411,punjab,5157868,71191183,2020
412,assam,3106153,49321814,2020
413,jharkhand,4917938,126310835,2020
414,odisha,8598751,270085293,2020
415,bihar,12889833,317056600,2020
416,kerala,6387169,91415273,2020
417,karnataka,22400182,935510690,2020
418,chandigarh,391402,6477974,2020
419,telangana,15927797,764614235,2020
420,himachal pradesh,1508766,22001148,2020
421,west bengal,15662093,291721919,2020
422,gujarat,13605203,230497353,2020
423,sikkim,148543,2478670,2020
424,nagaland,192188,2922121,2020
425,mizoram,78731,1096182,2020
426,chhattisgarh,4190601,109900467,2020
427,jammu & kashmir,1079022,16018751,2020
428,goa,527584,10991118,2020
429,arunachal pradesh,231292,4472667,2020
430,delhi,9747968,243433752,2020
431,uttarakhand,2596244,52564888,2020
432,puducherry,346279,7914507,2021
433,tamil nadu,16632608,348801714,2021
434,uttar pradesh,29482075,639718324,2021
435,madhya pradesh,14839427,482500276,2021
436,andhra pradesh,18363733,957709447,2021
437,tripura,439636,6009660,2021
438,lakshadweep,4577,47283,2021
439,manipur,312668,3709227,2021
440,maharashtra,37077537,1101976484,2021
441,dadra & nagar haveli & daman & diu,321396,7302462,2021
442,meghalaya,190869,2939026,2021
443,andaman & nicobar islands,57758,1004336,2021
444,haryana,9827905,266686683,2021
445,rajasthan,17661088,632535059,2021
446,ladakh,69919,1184204,2021
447,punjab,5568777,81052268,2021
448,assam,3358448,56752364,2021
449,jharkhand,5313049,141731331,2021
450,odisha,9233009,301315474,2021
451,bihar,13946288,355792608,2021
452,kerala,6936943,108918733,2021
453,karnataka,24095832,1084917385,2021
454,chandigarh,419998,7919533,2021
455,telangana,17149069,920040042,2021
456,himachal pradesh,1622951,24228094,2021
457,west bengal,16808799,316832674,2021
458,gujarat,14670126,264732874,2021
459,sikkim,160213,2795331,2021
460,nagaland,207808,2980581,2021
461,mizoram,85750,1193214,2021
462,chhattisgarh,4514551,124648704,2021
463,jammu & kashmir,1174818,18834009,2021
464,goa,570035,15467672,2021
465,arunachal pradesh,251240,4796708,2021
466,delhi,10467210,281201600,2021
467,uttarakhand,2802122,59282260,2021
468,puducherry,369961,5178916,2021
469,tamil nadu,17804542,343968474,2021
470,uttar pradesh,31651894,673598864,2021
471,madhya pradesh,15940935,727741649,2021
472,andhra pradesh,19620905,1044705436,2021
473,tripura,472153,9500881,2021
474,lakshadweep,4896,40301,2021
475,manipur,335409,7269002,2021
476,maharashtra,39664697,1208083592,2021
477,dadra & nagar haveli & daman & diu,344994,5062983,2021
478,meghalaya,205686,7290804,2021
479,andaman & nicobar islands,62095,2248223,2021
480,haryana,10530594,234052506,2021
481,rajasthan,18980985,1072091232,2021
482,ladakh,75048,4391632,2021
483,punjab,5976548,85894089,2021
484,assam,3617056,102003890,2021
485,jharkhand,5701503,184234107,2021
486,odisha,9891029,367576494,2021
487,bihar,14972134,371198660,2021
488,kerala,7416083,87814415,2021
489,karnataka,25751023,1051089714,2021
490,chandigarh,448572,4733924,2021
491,telangana,18306880,905317692,2021
492,himachal pradesh,1743151,43269977,2021
493,west bengal,17979979,275341466,2021
494,gujarat,15735981,282432543,2021
495,sikkim,171740,4541121,2021
496,nagaland,223337,6716892,2021
497,mizoram,92552,4014597,2021
498,chhattisgarh,4837055,205784717,2021
499,jammu & kashmir,1261267,34274559,2021
500,goa,609106,12710361,2021
501,arunachal pradesh,270572,13025849,2021
502,delhi,11182699,164997774,2021
503,uttarakhand,3004040,78380036,2021
504,puducherry,396609,6899592,2021
505,tamil nadu,19127440,459826734,2021
506,uttar pradesh,34151882,803890116,2021
507,madhya pradesh,17210233,929572924,2021
508,andhra pradesh,21059898,1258536879,2021
509,tripura,509929,12279146,2021
510,lakshadweep,5287,49127,2021
511,manipur,361749,9743772,2021
512,maharashtra,42581217,1565370852,2021
513,dadra & nagar haveli & daman & diu,371874,7162734,2021
514,meghalaya,223065,9952956,2021
515,andaman & nicobar islands,66982,3121625,2021
516,haryana,11325336,296884105,2021
517,rajasthan,20499465,1429553825,2021
518,ladakh,81210,7099550,2021
519,punjab,6434862,107614155,2021
520,assam,3918480,135288631,2021
521,jharkhand,6151843,230475998,2021
522,odisha,10652490,492879704,2021
523,bihar,16160771,421801379,2021
524,kerala,7949425,116282717,2021
525,karnataka,27614221,1366781087,2021
526,chandigarh,480463,6378807,2021
527,telangana,19615278,1107529197,2021
528,himachal pradesh,1880626,52970288,2021
529,west bengal,19323278,348588666,2021
530,gujarat,16946761,379987151,2021
531,sikkim,184693,5714565,2021
532,nagaland,241797,8661991,2021
533,mizoram,100647,5385718,2021
534,chhattisgarh,5206084,276486076,2021
535,jammu & kashmir,1359860,45025197,2021
536,goa,653458,16575111,2021
537,arunachal pradesh,293073,17209654,2021
538,delhi,11980061,223844376,2021
539,uttarakhand,3233509,90886530,2021
540,puducherry,423167,14257568,2021
541,tamil nadu,20433142,685861440,2021
542,uttar pradesh,36617655,1175923794,2021
543,madhya pradesh,18456243,956630781,2021
544,andhra pradesh,22489029,1447717601,2021
545,tripura,546292,10728702,2021
546,lakshadweep,5638,67320,2021
547,manipur,387746,7603294,2021
548,maharashtra,45482506,2031739248,2021
549,dadra & nagar haveli & daman & diu,398963,15009455,2021
550,meghalaya,240268,6048594,2021
551,andaman & nicobar islands,71780,2112910,2021
552,haryana,12116439,442176987,2021
553,rajasthan,21977202,1185124031,2021
554,ladakh,87057,2665203,2021
555,punjab,6880103,138427499,2021
556,assam,4209591,130600435,2021
557,jharkhand,6596196,284960009,2021
558,odisha,11399235,567351446,2021
559,bihar,17335981,647400838,2021
560,kerala,8473810,213542857,2021
561,karnataka,29459646,1941558513,2021
562,chandigarh,512092,11603954,2021
563,telangana,20917649,1407599392,2021
564,himachal pradesh,2013747,47670982,2021
565,west bengal,20644527,512335839,2021
566,gujarat,18139201,487846209,2021
567,sikkim,197407,5525552,2021
568,nagaland,259990,6383337,2021
569,mizoram,108405,2094118,2021
570,chhattisgarh,5565481,251752583,2021
571,jammu & kashmir,1456810,36012148,2021
572,goa,697178,28288254,2021
573,arunachal pradesh,314944,11230295,2021
574,delhi,12785127,345669353,2021
575,uttarakhand,3460015,110928354,2021
576,puducherry,448051,3938657,2022
577,tamil nadu,21667020,638490275,2022
578,uttar pradesh,38999692,836926025,2022
579,madhya pradesh,19656147,1678266475,2022
580,andhra pradesh,23857951,1254785973,2022
581,tripura,582124,19322963,2022
582,lakshadweep,5990,45410,2022
583,manipur,411900,22637747,2022
584,maharashtra,48227630,2157769514,2022
585,dadra & nagar haveli & daman & diu,424570,3910792,2022
586,meghalaya,255839,23634106,2022
587,andaman & nicobar islands,76288,3847407,2022
588,haryana,12866988,217228467,2022
589,rajasthan,23398857,2570606469,2022
590,ladakh,92492,8902080,2022
591,punjab,7302726,117482807,2022
592,assam,4492589,281642453,2022
593,jharkhand,7025275,331355981,2022
594,odisha,12124779,613855465,2022
595,bihar,18484658,316991599,2022
596,kerala,8972299,94047893,2022
597,karnataka,31200349,1727054045,2022
598,chandigarh,541549,2321685,2022
599,telangana,22150612,1168864524,2022
600,himachal pradesh,2143483,77278278,2022
601,west bengal,21919787,236131065,2022
602,gujarat,19265314,521776939,2022
603,sikkim,209616,12440193,2022
604,nagaland,276483,24206053,2022
605,mizoram,115295,14886657,2022
606,chhattisgarh,5916961,448503438,2022
607,jammu & kashmir,1549320,62115857,2022
608,goa,738628,18678798,2022
609,arunachal pradesh,335339,41418559,2022
610,delhi,13539197,57524153,2022
611,uttarakhand,3674829,115224382,2022
612,puducherry,471663,3830290,2022
613,tamil nadu,22829720,740265406,2022
614,uttar pradesh,41247289,947480495,2022
615,madhya pradesh,20766417,1902866132,2022
616,andhra pradesh,25157264,1378736856,2022
617,tripura,615782,21343111,2022
618,lakshadweep,6327,38450,2022
619,manipur,434563,26236900,2022
620,maharashtra,50802786,2492946019,2022
621,dadra & nagar haveli & daman & diu,449016,3886292,2022
622,meghalaya,269943,27458992,2022
623,andaman & nicobar islands,80530,5180013,2022
624,haryana,13576065,236091309,2022
625,rajasthan,24716181,2771434947,2022
626,ladakh,97517,14768129,2022
627,punjab,7702100,138965337,2022
628,assam,4755787,339929089,2022
629,jharkhand,7426174,379053485,2022
630,odisha,12801990,670311093,2022
631,bihar,19569894,348588438,2022
632,kerala,9442533,98876392,2022
633,karnataka,32831447,2065359837,2022
634,chandigarh,569582,2285979,2022
635,telangana,23314363,1276259370,2022
636,himachal pradesh,2264407,102488683,2022
637,west bengal,23124388,250276369,2022
638,gujarat,20321596,609943436,2022
639,sikkim,220994,16993937,2022
640,nagaland,292104,28652431,2022
641,mizoram,121535,16646550,2022
642,chhattisgarh,6238349,501411120,2022
643,jammu & kashmir,1635570,89986310,2022
644,goa,777779,19062157,2022
645,arunachal pradesh,354528,49889518,2022
646,delhi,14260143,52553080,2022
647,uttarakhand,3877056,156465685,2022
648,puducherry,496570,4186911,2022
649,tamil nadu,24019964,866738343,2022
650,uttar pradesh,43537920,1035702397,2022
651,madhya pradesh,21884220,2026371749,2022
652,andhra pradesh,26496330,1357005703,2022
653,tripura,649143,24123569,2022
654,lakshadweep,6645,18111,2022
655,manipur,457063,26011343,2022
656,maharashtra,53432602,2638663712,2022
657,dadra & nagar haveli & daman & diu,474807,3837881,2022
658,meghalaya,283487,32596135,2022
659,andaman & nicobar islands,84642,6068354,2022
660,haryana,14303933,265475161,2022
661,rajasthan,26042948,3299787866,2022
662,ladakh,102299,19734781,2022
663,punjab,8097582,154625731,2022
664,assam,5016910,410760707,2022
665,jharkhand,7836429,414228860,2022
666,odisha,13493282,725475924,2022
667,bihar,20694376,336807385,2022
668,kerala,9933977,104565833,2022
669,karnataka,34493994,2148016434,2022
670,chandigarh,598698,2173356,2022
671,telangana,24506111,1255597644,2022
672,himachal pradesh,2381576,108832538,2022
673,west bengal,24372048,256445748,2022
674,gujarat,21394721,699121904,2022
675,sikkim,232025,18748536,2022
676,nagaland,307386,31229366,2022
677,mizoram,127735,15557163,2022
678,chhattisgarh,6562237,543206487,2022
679,jammu & kashmir,1719185,109346235,2022
680,goa,817830,19712764,2022
681,arunachal pradesh,373372,59722628,2022
682,delhi,15009523,49919498,2022
683,uttarakhand,4081976,152803850,2022
684,puducherry,520649,24144184,2022
685,tamil nadu,25136112,1229187623,2022
686,uttar pradesh,45648650,1682003791,2022
687,madhya pradesh,22913924,1388282818,2022
688,andhra pradesh,27778016,1673374802,2022
689,tripura,678741,16107610,2022
690,lakshadweep,6961,72377,2022
691,manipur,477292,12462732,2022
692,maharashtra,55954028,2982202696,2022
693,dadra & nagar haveli & daman & diu,500125,24066770,2022
694,meghalaya,295322,10105924,2022
695,andaman & nicobar islands,88442,4354093,2022
696,haryana,14994944,556898878,2022
697,rajasthan,27255927,1537424924,2022
698,ladakh,106337,3832339,2022
699,punjab,8462753,199899443,2022
700,assam,5247776,248781157,2022
701,jharkhand,8217638,396098729,2022
702,odisha,14127239,726099254,2022
703,bihar,21738117,834827202,2022
704,kerala,10382102,346981849,2022
705,karnataka,36081698,3011645011,2022
706,chandigarh,627563,15308862,2022
707,telangana,25656381,1731228513,2022
708,himachal pradesh,2483076,72355717,2022
709,west bengal,25536381,678066327,2022
710,gujarat,22412353,790984595,2022
711,sikkim,241968,8948864,2022
712,nagaland,321205,11171582,2022
713,mizoram,132870,3144551,2022
714,chhattisgarh,6846822,354976814,2022
715,jammu & kashmir,1793434,60205865,2022
716,goa,855202,43005212,2022
717,arunachal pradesh,390307,21775038,2022
718,delhi,15764149,401864749,2022
719,uttarakhand,4272049,160685547,2022
